{
  "timestamp": "2025-08-10T18:45:58.263110",
  "python_implementation": "cpython",
  "python_version": "3.12.3 | packaged by conda-forge | (main, Apr 15 2024, 18:35:20) [Clang 16.0.6 ]",
  "platform": "darwin",
  "results": {
    "sequence_creation": {
      "mean": 2.9579116962850093e-05,
      "median": 2.9812566936016083e-05,
      "min": 2.0707957446575165e-05,
      "max": 5.41249755769968e-05,
      "std": 5.474955820311738e-06
    },
    "sequence_validation": {
      "mean": 5.53941132966429e-05,
      "median": 5.662551848217845e-05,
      "min": 3.816699609160423e-05,
      "max": 7.229205220937729e-05,
      "std": 9.681725841418273e-06
    },
    "alignment_operations": {
      "mean": 5.168917356058955e-05,
      "median": 5.068798782303929e-05,
      "min": 3.608397673815489e-05,
      "max": 7.18339579179883e-05,
      "std": 6.8240446867702815e-06
    }
  }
}