{
  "timestamp": "2025-08-10T18:44:24.793488",
  "python_implementation": "cpython",
  "python_version": "3.11.13 (main, Jun  5 2025, 08:21:08) [Clang 14.0.6 ]",
  "platform": "darwin",
  "results": {
    "sequence_creation": {
      "mean": 1.4828789280727506e-05,
      "median": 1.4291552361100912e-05,
      "min": 9.875046089291573e-06,
      "max": 3.5458942875266075e-05,
      "std": 3.4455313424515595e-06
    },
    "sequence_validation": {
      "mean": 2.6846202090382575e-05,
      "median": 2.6124471332877874e-05,
      "min": 1.791701652109623e-05,
      "max": 4.3208012357354164e-05,
      "std": 5.069806910968774e-06
    },
    "alignment_operations": {
      "mean": 2.7200840413570404e-05,
      "median": 2.675002906471491e-05,
      "min": 1.8042046576738358e-05,
      "max": 3.966700751334429e-05,
      "std": 4.25360589887155e-06
    }
  }
}