{
  "timestamp": "2025-08-10T18:46:49.476614",
  "python_implementation": "cpython",
  "python_version": "3.12.3 | packaged by conda-forge | (main, Apr 15 2024, 18:35:20) [Clang 16.0.6 ]",
  "platform": "darwin",
  "results": {
    "sequence_parsing": {
      "mean": 2.1334984339773654e-05,
      "median": 2.0646024495363235e-05,
      "min": 1.966708805412054e-05,
      "max": 3.8792029954493046e-05,
      "std": 2.8987068057201507e-06
    },
    "domain_analysis": {
      "mean": 1.0907391551882028e-05,
      "median": 7.208553142845631e-06,
      "min": 6.082933396100998e-06,
      "max": 2.2332998923957348e-05,
      "std": 4.930937068036729e-06
    },
    "chain_processing": {
      "mean": 1.128994394093752e-05,
      "median": 7.146038115024567e-06,
      "min": 6.666057743132114e-06,
      "max": 2.2374908439815044e-05,
      "std": 4.713598202304617e-06
    },
    "antibody_assembly": {
      "mean": 1.5663313679397106e-05,
      "median": 1.49579718708992e-05,
      "min": 1.4125020243227482e-05,
      "max": 2.0333100110292435e-05,
      "std": 1.6670659796822523e-06
    },
    "string_operations": {
      "mean": 1.8315738998353482e-06,
      "median": 1.625041477382183e-06,
      "min": 1.500011421740055e-06,
      "max": 5.541020072996616e-06,
      "std": 7.710032317523501e-07
    }
  }
}